,EmployeeID,0
0,Attrition,1.0
1,Attrition,0.0
2,Attrition,0.0
3,Attrition,0.0
4,Attrition,0.0
5,Attrition,0.0
6,Attrition,1.0
7,Attrition,0.0
8,Attrition,0.0
9,Attrition,0.0
10,Attrition,0.0
11,Attrition,1.0
12,Attrition,0.0
13,Attrition,0.0
14,Attrition,0.0
15,Attrition,0.0
16,Attrition,1.0
17,Attrition,0.0
18,Attrition,0.0
19,Attrition,0.0
20,Attrition,0.0
21,Attrition,1.0
22,Attrition,0.0
23,Attrition,0.0
24,Attrition,0.0
25,Attrition,0.0
26,Attrition,0.0
27,Attrition,0.0
28,Attrition,0.0
29,Attrition,0.0
30,Attrition,0.0
31,Attrition,0.0
32,Attrition,0.0
33,Attrition,0.0
34,Attrition,1.0
35,Attrition,1.0
36,Attrition,0.0
37,Attrition,1.0
38,Attrition,0.0
39,Attrition,0.0
40,Attrition,1.0
41,Attrition,0.0
42,Attrition,0.0
43,Attrition,0.0
44,Attrition,0.0
45,Attrition,0.0
46,Attrition,1.0
47,Attrition,1.0
48,Attrition,0.0
49,Attrition,0.0
50,Attrition,0.0
51,Attrition,0.0
52,Attrition,0.0
53,Attrition,0.0
54,Attrition,1.0
55,Attrition,0.0
56,Attrition,0.0
57,Attrition,0.0
58,Attrition,1.0
59,Attrition,0.0
60,Attrition,1.0
61,Attrition,0.0
62,Attrition,0.0
63,Attrition,0.0
64,Attrition,0.0
65,Attrition,0.0
66,Attrition,0.0
67,Attrition,0.0
68,Attrition,1.0
69,Attrition,0.0
70,Attrition,1.0
71,Attrition,0.0
72,Attrition,0.0
73,Attrition,1.0
74,Attrition,0.0
75,Attrition,0.0
76,Attrition,1.0
77,Attrition,1.0
78,Attrition,0.0
79,Attrition,0.0
80,Attrition,0.0
81,Attrition,1.0
82,Attrition,0.0
83,Attrition,0.0
84,Attrition,0.0
85,Attrition,0.0
86,Attrition,1.0
87,Attrition,0.0
88,Attrition,1.0
89,Attrition,0.0
90,Attrition,0.0
91,Attrition,0.0
92,Attrition,0.0
93,Attrition,1.0
94,Attrition,1.0
95,Attrition,0.0
96,Attrition,1.0
97,Attrition,0.0
98,Attrition,0.0
99,Attrition,0.0
100,Attrition,1.0
101,Attrition,0.0
102,Attrition,0.0
103,Attrition,0.0
104,Attrition,0.0
105,Attrition,0.0
106,Attrition,0.0
107,Attrition,0.0
108,Attrition,0.0
109,Attrition,0.0
110,Attrition,0.0
111,Attrition,1.0
112,Attrition,1.0
113,Attrition,0.0
114,Attrition,0.0
115,Attrition,0.0
116,Attrition,0.0
117,Attrition,0.0
118,Attrition,0.0
119,Attrition,0.0
120,Attrition,0.0
121,Attrition,0.0
122,Attrition,0.0
123,Attrition,0.0
124,Attrition,0.0
125,Attrition,0.0
126,Attrition,1.0
127,Attrition,0.0
128,Attrition,1.0
129,Attrition,0.0
130,Attrition,1.0
131,Attrition,1.0
132,Attrition,0.0
133,Attrition,0.0
134,Attrition,1.0
135,Attrition,0.0
136,Attrition,0.0
137,Attrition,1.0
138,Attrition,0.0
139,Attrition,0.0
140,Attrition,0.0
141,Attrition,0.0
142,Attrition,0.0
143,Attrition,1.0
144,Attrition,1.0
145,Attrition,1.0
146,Attrition,0.0
147,Attrition,0.0
148,Attrition,0.0
149,Attrition,1.0
150,Attrition,0.0
151,Attrition,1.0
152,Attrition,0.0
153,Attrition,1.0
154,Attrition,1.0
155,Attrition,0.0
156,Attrition,0.0
157,Attrition,0.0
158,Attrition,0.0
159,Attrition,0.0
160,Attrition,0.0
161,Attrition,1.0
162,Attrition,0.0
163,Attrition,0.0
164,Attrition,1.0
165,Attrition,0.0
166,Attrition,0.0
167,Attrition,0.0
168,Attrition,0.0
169,Attrition,0.0
170,Attrition,0.0
171,Attrition,0.0
172,Attrition,1.0
173,Attrition,0.0
174,Attrition,0.0
175,Attrition,0.0
176,Attrition,0.0
177,Attrition,0.0
178,Attrition,0.0
179,Attrition,0.0
180,Attrition,0.0
181,Attrition,0.0
182,Attrition,0.0
183,Attrition,1.0
184,Attrition,0.0
185,Attrition,0.0
186,Attrition,0.0
187,Attrition,0.0
188,Attrition,0.0
189,Attrition,0.0
190,Attrition,0.0
191,Attrition,1.0
192,Attrition,0.0
193,Attrition,0.0
194,Attrition,0.0
195,Attrition,0.0
196,Attrition,1.0
197,Attrition,0.0
198,Attrition,0.0
199,Attrition,0.0
200,Attrition,0.0
201,Attrition,0.0
202,Attrition,1.0
203,Attrition,1.0
204,Attrition,0.0
205,Attrition,0.0
206,Attrition,0.0
207,Attrition,1.0
208,Attrition,1.0
209,Attrition,0.0
210,Attrition,1.0
211,Attrition,0.0
212,Attrition,0.0
213,Attrition,0.0
214,Attrition,0.0
215,Attrition,0.0
216,Attrition,0.0
217,Attrition,1.0
218,Attrition,0.0
219,Attrition,0.0
220,Attrition,0.0
221,Attrition,1.0
222,Attrition,0.0
223,Attrition,0.0
224,Attrition,1.0
225,Attrition,1.0
226,Attrition,0.0
227,Attrition,0.0
228,Attrition,0.0
229,Attrition,0.0
230,Attrition,0.0
231,Attrition,0.0
232,Attrition,0.0
233,Attrition,0.0
234,Attrition,0.0
235,Attrition,0.0
236,Attrition,0.0
237,Attrition,1.0
238,Attrition,0.0
239,Attrition,0.0
240,Attrition,0.0
241,Attrition,0.0
242,Attrition,0.0
243,Attrition,0.0
244,Attrition,1.0
245,Attrition,1.0
246,Attrition,0.0
247,Attrition,1.0
248,Attrition,0.0
249,Attrition,1.0
250,Attrition,1.0
251,Attrition,1.0
252,Attrition,1.0
253,Attrition,0.0
254,Attrition,0.0
255,Attrition,1.0
256,Attrition,0.0
257,Attrition,0.0
258,Attrition,0.0
259,Attrition,0.0
260,Attrition,0.0
261,Attrition,0.0
262,Attrition,0.0
263,Attrition,1.0
264,Attrition,0.0
265,Attrition,0.0
266,Attrition,0.0
267,Attrition,0.0
268,Attrition,0.0
269,Attrition,1.0
270,Attrition,0.0
271,Attrition,0.0
272,Attrition,0.0
273,Attrition,0.0
274,Attrition,0.0
275,Attrition,0.0
276,Attrition,1.0
277,Attrition,0.0
278,Attrition,0.0
279,Attrition,1.0
280,Attrition,0.0
281,Attrition,0.0
282,Attrition,1.0
283,Attrition,1.0
284,Attrition,0.0
285,Attrition,0.0
286,Attrition,1.0
287,Attrition,0.0
288,Attrition,0.0
289,Attrition,0.0
290,Attrition,1.0
291,Attrition,0.0
292,Attrition,1.0
293,Attrition,0.0
294,Attrition,0.0
295,Attrition,0.0
296,Attrition,1.0
297,Attrition,0.0
298,Attrition,0.0
299,Attrition,0.0
300,Attrition,0.0
301,Attrition,1.0
302,Attrition,0.0
303,Attrition,0.0
304,Attrition,0.0
305,Attrition,0.0
306,Attrition,1.0
307,Attrition,0.0
308,Attrition,1.0
309,Attrition,1.0
310,Attrition,0.0
311,Attrition,0.0
312,Attrition,1.0
313,Attrition,0.0
314,Attrition,0.0
315,Attrition,1.0
316,Attrition,1.0
317,Attrition,0.0
318,Attrition,0.0
319,Attrition,1.0
320,Attrition,1.0
321,Attrition,1.0
322,Attrition,0.0
323,Attrition,1.0
324,Attrition,0.0
325,Attrition,0.0
326,Attrition,1.0
327,Attrition,1.0
328,Attrition,0.0
329,Attrition,0.0
330,Attrition,0.0
331,Attrition,0.0
332,Attrition,1.0
333,Attrition,0.0
334,Attrition,0.0
335,Attrition,0.0
336,Attrition,0.0
337,Attrition,0.0
338,Attrition,0.0
339,Attrition,1.0
340,Attrition,0.0
341,Attrition,0.0
342,Attrition,1.0
343,Attrition,1.0
344,Attrition,0.0
345,Attrition,0.0
346,Attrition,0.0
347,Attrition,0.0
348,Attrition,1.0
349,Attrition,1.0
350,Attrition,0.0
351,Attrition,0.0
352,Attrition,0.0
353,Attrition,1.0
354,Attrition,0.0
355,Attrition,1.0
356,Attrition,0.0
357,Attrition,0.0
358,Attrition,0.0
359,Attrition,0.0
360,Attrition,0.0
361,Attrition,0.0
362,Attrition,0.0
363,Attrition,1.0
364,Attrition,0.0
365,Attrition,0.0
366,Attrition,1.0
367,Attrition,1.0
368,Attrition,0.0
369,Attrition,0.0
370,Attrition,1.0
371,Attrition,0.0
372,Attrition,0.0
373,Attrition,0.0
374,Attrition,1.0
375,Attrition,0.0
376,Attrition,0.0
377,Attrition,1.0
378,Attrition,0.0
379,Attrition,0.0
380,Attrition,0.0
381,Attrition,0.0
382,Attrition,0.0
383,Attrition,0.0
384,Attrition,0.0
385,Attrition,0.0
386,Attrition,1.0
387,Attrition,0.0
388,Attrition,0.0
389,Attrition,0.0
390,Attrition,0.0
391,Attrition,0.0
392,Attrition,0.0
393,Attrition,1.0
394,Attrition,1.0
395,Attrition,0.0
396,Attrition,0.0
397,Attrition,1.0
398,Attrition,0.0
399,Attrition,0.0
400,Attrition,0.0
401,Attrition,1.0
402,Attrition,0.0
403,Attrition,1.0
404,Attrition,0.0
405,Attrition,0.0
406,Attrition,0.0
407,Attrition,0.0
408,Attrition,0.0
409,Attrition,0.0
410,Attrition,0.0
411,Attrition,1.0
412,Attrition,0.0
413,Attrition,0.0
414,Attrition,0.0
415,Attrition,0.0
416,Attrition,0.0
417,Attrition,0.0
418,Attrition,1.0
419,Attrition,0.0
420,Attrition,0.0
421,Attrition,0.0
422,Attrition,0.0
423,Attrition,0.0
424,Attrition,1.0
425,Attrition,0.0
426,Attrition,0.0
427,Attrition,1.0
428,Attrition,0.0
429,Attrition,0.0
430,Attrition,0.0
431,Attrition,0.0
432,Attrition,0.0
433,Attrition,0.0
434,Attrition,0.0
435,Attrition,1.0
436,Attrition,0.0
437,Attrition,0.0
438,Attrition,0.0
439,Attrition,1.0
440,Attrition,1.0
441,Attrition,0.0
442,Attrition,0.0
443,Attrition,0.0
444,Attrition,1.0
445,Attrition,0.0
446,Attrition,0.0
447,Attrition,0.0
448,Attrition,1.0
449,Attrition,1.0
450,Attrition,0.0
451,Attrition,1.0
452,Attrition,0.0
453,Attrition,0.0
454,Attrition,1.0
455,Attrition,1.0
456,Attrition,0.0
457,Attrition,1.0
458,Attrition,1.0
459,Attrition,0.0
460,Attrition,0.0
461,Attrition,0.0
462,Attrition,0.0
463,Attrition,1.0
464,Attrition,1.0
465,Attrition,0.0
466,Attrition,1.0
467,Attrition,1.0
468,Attrition,0.0
469,Attrition,0.0
470,Attrition,0.0
471,Attrition,0.0
472,Attrition,1.0
473,Attrition,0.0
474,Attrition,0.0
475,Attrition,0.0
476,Attrition,0.0
477,Attrition,0.0
478,Attrition,0.0
479,Attrition,0.0
480,Attrition,1.0
481,Attrition,1.0
482,Attrition,0.0
483,Attrition,1.0
484,Attrition,0.0
485,Attrition,0.0
486,Attrition,0.0
487,Attrition,0.0
488,Attrition,0.0
489,Attrition,0.0
490,Attrition,0.0
491,Attrition,1.0
492,Attrition,0.0
493,Attrition,0.0
494,Attrition,1.0
495,Attrition,0.0
496,Attrition,0.0
497,Attrition,1.0
498,Attrition,0.0
499,Attrition,1.0
500,Attrition,0.0
501,Attrition,0.0
502,Attrition,0.0
503,Attrition,1.0
504,Attrition,1.0
505,Attrition,0.0
506,Attrition,0.0
507,Attrition,0.0
508,Attrition,0.0
509,Attrition,0.0
510,Attrition,0.0
511,Attrition,1.0
512,Attrition,0.0
513,Attrition,0.0
514,Attrition,0.0
515,Attrition,0.0
516,Attrition,1.0
517,Attrition,0.0
518,Attrition,1.0
519,Attrition,0.0
520,Attrition,0.0
521,Attrition,0.0
522,Attrition,1.0
523,Attrition,1.0
524,Attrition,0.0
525,Attrition,1.0
526,Attrition,0.0
527,Attrition,0.0
528,Attrition,0.0
529,Attrition,1.0
530,Attrition,1.0
531,Attrition,0.0
532,Attrition,0.0
533,Attrition,1.0
534,Attrition,1.0
535,Attrition,1.0
536,Attrition,1.0
537,Attrition,0.0
538,Attrition,0.0
539,Attrition,0.0
540,Attrition,0.0
541,Attrition,0.0
542,Attrition,0.0
543,Attrition,1.0
544,Attrition,0.0
545,Attrition,1.0
546,Attrition,1.0
547,Attrition,1.0
548,Attrition,0.0
549,Attrition,0.0
550,Attrition,1.0
551,Attrition,1.0
552,Attrition,1.0
553,Attrition,0.0
554,Attrition,1.0
555,Attrition,1.0
556,Attrition,0.0
557,Attrition,1.0
558,Attrition,1.0
559,Attrition,0.0
560,Attrition,0.0
561,Attrition,0.0
562,Attrition,0.0
563,Attrition,0.0
564,Attrition,1.0
565,Attrition,0.0
566,Attrition,1.0
567,Attrition,1.0
568,Attrition,0.0
569,Attrition,0.0
570,Attrition,1.0
571,Attrition,0.0
572,Attrition,1.0
573,Attrition,1.0
574,Attrition,0.0
575,Attrition,0.0
576,Attrition,0.0
577,Attrition,1.0
578,Attrition,0.0
579,Attrition,0.0
580,Attrition,1.0
581,Attrition,1.0
582,Attrition,0.0
583,Attrition,0.0
584,Attrition,1.0
585,Attrition,1.0
586,Attrition,1.0
587,Attrition,0.0
588,Attrition,1.0
589,Attrition,0.0
590,Attrition,0.0
591,Attrition,0.0
592,Attrition,1.0
593,Attrition,1.0
594,Attrition,0.0
595,Attrition,0.0
596,Attrition,1.0
597,Attrition,1.0
598,Attrition,0.0
599,Attrition,0.0
600,Attrition,1.0
601,Attrition,1.0
602,Attrition,0.0
603,Attrition,0.0
604,Attrition,0.0
605,Attrition,1.0
606,Attrition,1.0
607,Attrition,0.0
608,Attrition,0.0
609,Attrition,0.0
610,Attrition,0.0
611,Attrition,0.0
612,Attrition,1.0
613,Attrition,0.0
614,Attrition,0.0
615,Attrition,0.0
616,Attrition,0.0
617,Attrition,1.0
618,Attrition,0.0
619,Attrition,0.0
620,Attrition,0.0
621,Attrition,0.0
622,Attrition,0.0
623,Attrition,0.0
624,Attrition,1.0
625,Attrition,0.0
626,Attrition,0.0
627,Attrition,0.0
628,Attrition,0.0
629,Attrition,0.0
630,Attrition,0.0
631,Attrition,0.0
632,Attrition,0.0
633,Attrition,0.0
634,Attrition,0.0
635,Attrition,0.0
636,Attrition,0.0
637,Attrition,0.0
638,Attrition,1.0
639,Attrition,0.0
640,Attrition,1.0
641,Attrition,0.0
642,Attrition,0.0
643,Attrition,0.0
644,Attrition,1.0
645,Attrition,0.0
646,Attrition,0.0
647,Attrition,1.0
648,Attrition,0.0
649,Attrition,0.0
650,Attrition,0.0
651,Attrition,0.0
652,Attrition,0.0
653,Attrition,0.0
654,Attrition,0.0
655,Attrition,0.0
656,Attrition,0.0
657,Attrition,1.0
658,Attrition,0.0
659,Attrition,0.0
660,Attrition,1.0
661,Attrition,0.0
662,Attrition,0.0
663,Attrition,1.0
664,Attrition,0.0
665,Attrition,0.0
666,Attrition,1.0
667,Attrition,0.0
668,Attrition,0.0
669,Attrition,1.0
670,Attrition,0.0
671,Attrition,0.0
672,Attrition,0.0
673,Attrition,0.0
674,Attrition,0.0
675,Attrition,0.0
676,Attrition,0.0
677,Attrition,0.0
678,Attrition,0.0
679,Attrition,1.0
680,Attrition,0.0
681,Attrition,0.0
682,Attrition,0.0
683,Attrition,0.0
684,Attrition,1.0
685,Attrition,0.0
686,Attrition,0.0
687,Attrition,0.0
688,Attrition,0.0
689,Attrition,0.0
690,Attrition,1.0
691,Attrition,0.0
692,Attrition,0.0
693,Attrition,0.0
694,Attrition,0.0
695,Attrition,0.0
696,Attrition,0.0
697,Attrition,0.0
698,Attrition,0.0
699,Attrition,0.0
700,Attrition,0.0
701,Attrition,0.0
702,Attrition,0.0
703,Attrition,1.0
704,Attrition,1.0
705,Attrition,1.0
706,Attrition,0.0
707,Attrition,1.0
708,Attrition,0.0
709,Attrition,1.0
710,Attrition,0.0
711,Attrition,1.0
712,Attrition,0.0
713,Attrition,0.0
714,Attrition,0.0
715,Attrition,1.0
716,Attrition,0.0
717,Attrition,0.0
718,Attrition,0.0
719,Attrition,0.0
720,Attrition,0.0
721,Attrition,0.0
722,Attrition,0.0
723,Attrition,0.0
724,Attrition,0.0
725,Attrition,0.0
726,Attrition,0.0
727,Attrition,0.0
728,Attrition,0.0
729,Attrition,0.0
730,Attrition,0.0
731,Attrition,1.0
732,Attrition,1.0
733,Attrition,0.0
734,Attrition,0.0
735,Attrition,0.0
736,Attrition,0.0
737,Attrition,0.0
738,Attrition,0.0
739,Attrition,0.0
740,Attrition,1.0
741,Attrition,1.0
742,Attrition,0.0
743,Attrition,0.0
744,Attrition,0.0
745,Attrition,0.0
746,Attrition,0.0
747,Attrition,0.0
748,Attrition,0.0
749,Attrition,0.0
750,Attrition,0.0
751,Attrition,0.0
752,Attrition,0.0
753,Attrition,0.0
754,Attrition,1.0
755,Attrition,0.0
756,Attrition,0.0
757,Attrition,0.0
758,Attrition,0.0
759,Attrition,0.0
760,Attrition,0.0
761,Attrition,1.0
762,Attrition,0.0
763,Attrition,0.0
764,Attrition,0.0
765,Attrition,0.0
766,Attrition,0.0
767,Attrition,0.0
768,Attrition,0.0
769,Attrition,0.0
770,Attrition,0.0
771,Attrition,0.0
772,Attrition,0.0
773,Attrition,0.0
774,Attrition,0.0
775,Attrition,0.0
776,Attrition,0.0
777,Attrition,0.0
778,Attrition,0.0
779,Attrition,0.0
780,Attrition,0.0
781,Attrition,1.0
782,Attrition,0.0
783,Attrition,0.0
784,Attrition,0.0
785,Attrition,0.0
786,Attrition,0.0
787,Attrition,1.0
788,Attrition,1.0
789,Attrition,1.0
790,Attrition,0.0
791,Attrition,1.0
792,Attrition,0.0
793,Attrition,0.0
794,Attrition,0.0
795,Attrition,0.0
796,Attrition,0.0
797,Attrition,0.0
798,Attrition,0.0
799,Attrition,0.0
800,Attrition,0.0
801,Attrition,0.0
802,Attrition,0.0
803,Attrition,0.0
804,Attrition,0.0
805,Attrition,1.0
806,Attrition,0.0
807,Attrition,1.0
808,Attrition,1.0
809,Attrition,0.0
810,Attrition,0.0
811,Attrition,0.0
812,Attrition,0.0
813,Attrition,0.0
814,Attrition,0.0
815,Attrition,0.0
816,Attrition,0.0
817,Attrition,1.0
818,Attrition,0.0
819,Attrition,0.0
820,Attrition,0.0
821,Attrition,0.0
822,Attrition,0.0
823,Attrition,0.0
824,Attrition,0.0
825,Attrition,0.0
826,Attrition,0.0
827,Attrition,0.0
828,Attrition,1.0
829,Attrition,0.0
830,Attrition,0.0
831,Attrition,0.0
832,Attrition,0.0
833,Attrition,0.0
834,Attrition,1.0
835,Attrition,1.0
836,Attrition,0.0
837,Attrition,0.0
838,Attrition,1.0
839,Attrition,0.0
840,Attrition,0.0
841,Attrition,1.0
842,Attrition,1.0
843,Attrition,1.0
844,Attrition,0.0
845,Attrition,0.0
846,Attrition,1.0
847,Attrition,1.0
848,Attrition,0.0
849,Attrition,1.0
850,Attrition,0.0
851,Attrition,0.0
852,Attrition,0.0
853,Attrition,0.0
854,Attrition,0.0
855,Attrition,0.0
856,Attrition,0.0
857,Attrition,0.0
858,Attrition,0.0
859,Attrition,0.0
860,Attrition,1.0
861,Attrition,1.0
862,Attrition,0.0
863,Attrition,0.0
864,Attrition,0.0
865,Attrition,0.0
866,Attrition,0.0
867,Attrition,0.0
868,Attrition,0.0
869,Attrition,0.0
870,Attrition,0.0
871,Attrition,1.0
872,Attrition,0.0
873,Attrition,0.0
874,Attrition,0.0
875,Attrition,0.0
876,Attrition,0.0
877,Attrition,1.0
878,Attrition,0.0
879,Attrition,0.0
880,Attrition,0.0
881,Attrition,0.0
882,Attrition,0.0
883,Attrition,1.0
884,Attrition,1.0
885,Attrition,0.0
886,Attrition,0.0
887,Attrition,0.0
888,Attrition,0.0
889,Attrition,1.0
890,Attrition,1.0
891,Attrition,0.0
892,Attrition,0.0
893,Attrition,0.0
894,Attrition,1.0
895,Attrition,1.0
896,Attrition,0.0
897,Attrition,0.0
898,Attrition,0.0
899,Attrition,0.0
900,Attrition,1.0
901,Attrition,1.0
902,Attrition,0.0
903,Attrition,1.0
904,Attrition,0.0
905,Attrition,0.0
906,Attrition,0.0
907,Attrition,1.0
908,Attrition,0.0
909,Attrition,0.0
910,Attrition,0.0
911,Attrition,0.0
912,Attrition,1.0
913,Attrition,0.0
914,Attrition,0.0
915,Attrition,1.0
916,Attrition,0.0
917,Attrition,1.0
918,Attrition,0.0
919,Attrition,0.0
920,Attrition,0.0
921,Attrition,1.0
922,Attrition,0.0
923,Attrition,0.0
924,Attrition,1.0
925,Attrition,0.0
926,Attrition,0.0
927,Attrition,0.0
928,Attrition,0.0
929,Attrition,0.0
930,Attrition,0.0
931,Attrition,0.0
932,Attrition,1.0
933,Attrition,1.0
934,Attrition,0.0
935,Attrition,0.0
936,Attrition,0.0
937,Attrition,0.0
938,Attrition,0.0
939,Attrition,0.0
940,Attrition,1.0
941,Attrition,0.0
942,Attrition,0.0
943,Attrition,1.0
944,Attrition,0.0
945,Attrition,0.0
946,Attrition,1.0
947,Attrition,0.0
948,Attrition,0.0
949,Attrition,0.0
950,Attrition,0.0
951,Attrition,1.0
952,Attrition,0.0
953,Attrition,0.0
954,Attrition,0.0
955,Attrition,0.0
956,Attrition,0.0
957,Attrition,0.0
958,Attrition,1.0
959,Attrition,0.0
960,Attrition,0.0
961,Attrition,0.0
962,Attrition,0.0
963,Attrition,0.0
964,Attrition,0.0
965,Attrition,0.0
966,Attrition,0.0
967,Attrition,0.0
968,Attrition,0.0
969,Attrition,1.0
970,Attrition,0.0
971,Attrition,1.0
972,Attrition,0.0
973,Attrition,0.0
974,Attrition,0.0
975,Attrition,0.0
976,Attrition,0.0
977,Attrition,1.0
978,Attrition,0.0
979,Attrition,0.0
980,Attrition,0.0
981,Attrition,0.0
982,Attrition,1.0
983,Attrition,1.0
984,Attrition,0.0
985,Attrition,1.0
986,Attrition,0.0
987,Attrition,1.0
988,Attrition,0.0
989,Attrition,1.0
990,Attrition,0.0
991,Attrition,0.0
992,Attrition,0.0
993,Attrition,1.0
994,Attrition,0.0
995,Attrition,1.0
996,Attrition,1.0
997,Attrition,0.0
998,Attrition,0.0
999,Attrition,0.0
1000,Attrition,0.0
1001,Attrition,0.0
1002,Attrition,0.0
1003,Attrition,1.0
1004,Attrition,1.0
1005,Attrition,1.0
1006,Attrition,0.0
1007,Attrition,1.0
1008,Attrition,1.0
1009,Attrition,1.0
1010,Attrition,1.0
1011,Attrition,0.0
1012,Attrition,0.0
1013,Attrition,1.0
1014,Attrition,1.0
1015,Attrition,0.0
1016,Attrition,0.0
1017,Attrition,0.0
1018,Attrition,0.0
1019,Attrition,0.0
1020,Attrition,0.0
1021,Attrition,0.0
1022,Attrition,0.0
1023,Attrition,0.0
1024,Attrition,0.0
1025,Attrition,1.0
1026,Attrition,1.0
1027,Attrition,0.0
1028,Attrition,0.0
1029,Attrition,0.0
1030,Attrition,0.0
1031,Attrition,0.0
1032,Attrition,0.0
1033,Attrition,0.0
1034,Attrition,0.0
1035,Attrition,1.0
1036,Attrition,0.0
1037,Attrition,0.0
1038,Attrition,0.0
1039,Attrition,0.0
1040,Attrition,0.0
1041,Attrition,0.0
1042,Attrition,1.0
1043,Attrition,0.0
1044,Attrition,0.0
1045,Attrition,0.0
1046,Attrition,0.0
1047,Attrition,1.0
1048,Attrition,0.0
1049,Attrition,0.0
1050,Attrition,1.0
1051,Attrition,1.0
1052,Attrition,0.0
1053,Attrition,0.0
1054,Attrition,0.0
1055,Attrition,1.0
1056,Attrition,0.0
1057,Attrition,1.0
1058,Attrition,1.0
1059,Attrition,1.0
1060,Attrition,0.0
1061,Attrition,1.0
1062,Attrition,0.0
1063,Attrition,1.0
1064,Attrition,0.0
1065,Attrition,1.0
1066,Attrition,1.0
1067,Attrition,0.0
1068,Attrition,1.0
1069,Attrition,0.0
1070,Attrition,0.0
1071,Attrition,0.0
1072,Attrition,0.0
1073,Attrition,0.0
1074,Attrition,0.0
1075,Attrition,0.0
1076,Attrition,1.0
1077,Attrition,1.0
1078,Attrition,0.0
1079,Attrition,0.0
1080,Attrition,1.0
1081,Attrition,0.0
1082,Attrition,0.0
1083,Attrition,0.0
1084,Attrition,1.0
1085,Attrition,0.0
1086,Attrition,1.0
1087,Attrition,0.0
1088,Attrition,0.0
1089,Attrition,0.0
1090,Attrition,1.0
1091,Attrition,0.0
1092,Attrition,0.0
1093,Attrition,0.0
1094,Attrition,0.0
1095,Attrition,0.0
1096,Attrition,0.0
1097,Attrition,0.0
1098,Attrition,0.0
1099,Attrition,1.0
1100,Attrition,0.0
1101,Attrition,1.0
1102,Attrition,1.0
1103,Attrition,1.0
1104,Attrition,1.0
1105,Attrition,0.0
1106,Attrition,1.0
1107,Attrition,1.0
1108,Attrition,0.0
1109,Attrition,0.0
1110,Attrition,0.0
1111,Attrition,0.0
1112,Attrition,1.0
1113,Attrition,1.0
1114,Attrition,1.0
1115,Attrition,0.0
1116,Attrition,1.0
1117,Attrition,0.0
1118,Attrition,0.0
1119,Attrition,0.0
1120,Attrition,0.0
1121,Attrition,1.0
1122,Attrition,0.0
1123,Attrition,0.0
1124,Attrition,0.0
1125,Attrition,0.0
1126,Attrition,0.0
1127,Attrition,0.0
1128,Attrition,1.0
1129,Attrition,1.0
1130,Attrition,0.0
1131,Attrition,1.0
1132,Attrition,0.0
1133,Attrition,0.0
1134,Attrition,0.0
1135,Attrition,0.0
1136,Attrition,0.0
1137,Attrition,0.0
1138,Attrition,0.0
1139,Attrition,1.0
1140,Attrition,1.0
1141,Attrition,0.0
1142,Attrition,1.0
1143,Attrition,0.0
1144,Attrition,1.0
1145,Attrition,1.0
1146,Attrition,0.0
1147,Attrition,0.0
1148,Attrition,0.0
1149,Attrition,1.0
1150,Attrition,0.0
1151,Attrition,0.0
1152,Attrition,0.0
1153,Attrition,1.0
1154,Attrition,0.0
1155,Attrition,1.0
1156,Attrition,0.0
1157,Attrition,0.0
1158,Attrition,0.0
1159,Attrition,0.0
1160,Attrition,0.0
1161,Attrition,0.0
1162,Attrition,0.0
1163,Attrition,1.0
1164,Attrition,0.0
1165,Attrition,1.0
1166,Attrition,0.0
1167,Attrition,0.0
1168,Attrition,0.0
1169,Attrition,0.0
1170,Attrition,0.0
1171,Attrition,0.0
1172,Attrition,0.0
1173,Attrition,1.0
1174,Attrition,0.0
1175,Attrition,0.0
1176,Attrition,0.0
1177,Attrition,0.0
1178,Attrition,0.0
1179,Attrition,0.0
1180,Attrition,1.0
1181,Attrition,0.0
1182,Attrition,0.0
1183,Attrition,0.0
1184,Attrition,0.0
1185,Attrition,0.0
1186,Attrition,1.0
1187,Attrition,0.0
1188,Attrition,1.0
1189,Attrition,0.0
1190,Attrition,0.0
1191,Attrition,0.0
1192,Attrition,0.0
1193,Attrition,0.0
1194,Attrition,0.0
1195,Attrition,0.0
1196,Attrition,1.0
1197,Attrition,0.0
1198,Attrition,0.0
1199,Attrition,0.0
1200,Attrition,0.0
1201,Attrition,1.0
1202,Attrition,0.0
1203,Attrition,1.0
1204,Attrition,0.0
1205,Attrition,1.0
1206,Attrition,0.0
1207,Attrition,0.0
1208,Attrition,0.0
1209,Attrition,0.0
1210,Attrition,0.0
1211,Attrition,0.0
1212,Attrition,1.0
1213,Attrition,0.0
1214,Attrition,0.0
1215,Attrition,0.0
1216,Attrition,0.0
1217,Attrition,1.0
1218,Attrition,0.0
1219,Attrition,0.0
1220,Attrition,0.0
1221,Attrition,0.0
1222,Attrition,1.0
1223,Attrition,1.0
1224,Attrition,0.0
1225,Attrition,0.0
1226,Attrition,1.0
1227,Attrition,0.0
1228,Attrition,0.0
1229,Attrition,1.0
1230,Attrition,0.0
1231,Attrition,0.0
1232,Attrition,0.0
1233,Attrition,0.0
1234,Attrition,1.0
1235,Attrition,1.0
1236,Attrition,0.0
1237,Attrition,0.0
1238,Attrition,0.0
1239,Attrition,0.0
1240,Attrition,0.0
1241,Attrition,0.0
1242,Attrition,0.0
1243,Attrition,0.0
1244,Attrition,0.0
1245,Attrition,0.0
1246,Attrition,1.0
1247,Attrition,0.0
1248,Attrition,1.0
1249,Attrition,1.0
1250,Attrition,0.0
1251,Attrition,0.0
1252,Attrition,1.0
1253,Attrition,0.0
1254,Attrition,0.0
1255,Attrition,0.0
1256,Attrition,0.0
1257,Attrition,0.0
1258,Attrition,0.0
1259,Attrition,0.0
1260,Attrition,0.0
1261,Attrition,1.0
1262,Attrition,0.0
1263,Attrition,0.0
1264,Attrition,0.0
1265,Attrition,1.0
1266,Attrition,0.0
1267,Attrition,0.0
1268,Attrition,0.0
1269,Attrition,1.0
1270,Attrition,0.0
1271,Attrition,0.0
1272,Attrition,0.0
1273,Attrition,0.0
1274,Attrition,1.0
1275,Attrition,0.0
1276,Attrition,1.0
1277,Attrition,0.0
1278,Attrition,0.0
1279,Attrition,0.0
1280,Attrition,0.0
1281,Attrition,0.0
1282,Attrition,0.0
1283,Attrition,0.0
1284,Attrition,0.0
1285,Attrition,0.0
1286,Attrition,0.0
1287,Attrition,1.0
1288,Attrition,1.0
1289,Attrition,0.0
1290,Attrition,0.0
1291,Attrition,1.0
1292,Attrition,0.0
1293,Attrition,0.0
1294,Attrition,0.0
1295,Attrition,1.0
1296,Attrition,0.0
1297,Attrition,0.0
1298,Attrition,1.0
1299,Attrition,0.0
1300,Attrition,1.0
1301,Attrition,0.0
1302,Attrition,0.0
1303,Attrition,1.0
1304,Attrition,0.0
1305,Attrition,0.0
1306,Attrition,0.0
1307,Attrition,0.0
1308,Attrition,1.0
1309,Attrition,1.0
1310,Attrition,0.0
1311,Attrition,0.0
1312,Attrition,1.0
1313,Attrition,0.0
1314,Attrition,0.0
1315,Attrition,1.0
1316,Attrition,0.0
1317,Attrition,0.0
1318,Attrition,0.0
1319,Attrition,0.0
1320,Attrition,1.0
1321,Attrition,0.0
1322,Attrition,0.0
1323,Attrition,0.0
1324,Attrition,0.0
1325,Attrition,0.0
1326,Attrition,1.0
1327,Attrition,0.0
1328,Attrition,1.0
1329,Attrition,1.0
1330,Attrition,1.0
1331,Attrition,0.0
1332,Attrition,0.0
1333,Attrition,0.0
1334,Attrition,1.0
1335,Attrition,0.0
1336,Attrition,0.0
1337,Attrition,1.0
1338,Attrition,1.0
1339,Attrition,1.0
1340,Attrition,0.0
1341,Attrition,0.0
1342,Attrition,0.0
1343,Attrition,1.0
1344,Attrition,0.0
1345,Attrition,0.0
1346,Attrition,1.0
1347,Attrition,0.0
1348,Attrition,0.0
1349,Attrition,0.0
1350,Attrition,1.0
1351,Attrition,0.0
1352,Attrition,0.0
1353,Attrition,1.0
1354,Attrition,0.0
1355,Attrition,0.0
1356,Attrition,1.0
1357,Attrition,1.0
1358,Attrition,1.0
1359,Attrition,0.0
1360,Attrition,1.0
1361,Attrition,0.0
1362,Attrition,0.0
1363,Attrition,0.0
1364,Attrition,0.0
1365,Attrition,1.0
1366,Attrition,0.0
1367,Attrition,0.0
1368,Attrition,0.0
1369,Attrition,0.0
1370,Attrition,0.0
1371,Attrition,0.0
1372,Attrition,0.0
1373,Attrition,0.0
1374,Attrition,1.0
1375,Attrition,0.0
1376,Attrition,1.0
1377,Attrition,1.0
1378,Attrition,0.0
1379,Attrition,0.0
1380,Attrition,1.0
1381,Attrition,1.0
1382,Attrition,1.0
1383,Attrition,1.0
1384,Attrition,0.0
1385,Attrition,1.0
1386,Attrition,0.0
1387,Attrition,0.0
1388,Attrition,1.0
1389,Attrition,0.0
1390,Attrition,1.0
1391,Attrition,0.0
1392,Attrition,0.0
1393,Attrition,1.0
1394,Attrition,0.0
1395,Attrition,0.0
1396,Attrition,0.0
1397,Attrition,1.0
1398,Attrition,0.0
1399,Attrition,0.0
1400,Attrition,0.0
1401,Attrition,0.0
1402,Attrition,0.0
1403,Attrition,1.0
1404,Attrition,0.0
1405,Attrition,0.0
1406,Attrition,0.0
1407,Attrition,1.0
1408,Attrition,1.0
1409,Attrition,0.0
1410,Attrition,0.0
1411,Attrition,1.0
1412,Attrition,0.0
1413,Attrition,0.0
1414,Attrition,1.0
1415,Attrition,0.0
1416,Attrition,0.0
1417,Attrition,1.0
1418,Attrition,1.0
1419,Attrition,1.0
1420,Attrition,0.0
1421,Attrition,0.0
1422,Attrition,0.0
1423,Attrition,0.0
1424,Attrition,0.0
1425,Attrition,1.0
1426,Attrition,0.0
1427,Attrition,1.0
1428,Attrition,0.0
1429,Attrition,0.0
1430,Attrition,0.0
1431,Attrition,0.0
1432,Attrition,0.0
1433,Attrition,0.0
1434,Attrition,0.0
1435,Attrition,0.0
1436,Attrition,0.0
1437,Attrition,1.0
1438,Attrition,0.0
1439,Attrition,1.0
1440,Attrition,1.0
1441,Attrition,1.0
1442,Attrition,1.0
1443,Attrition,1.0
1444,Attrition,0.0
1445,Attrition,0.0
1446,Attrition,0.0
1447,Attrition,0.0
1448,Attrition,0.0
1449,Attrition,0.0
1450,Attrition,0.0
1451,Attrition,0.0
1452,Attrition,0.0
1453,Attrition,0.0
1454,Attrition,1.0
1455,Attrition,0.0
1456,Attrition,1.0
1457,Attrition,1.0
1458,Attrition,0.0
1459,Attrition,0.0
1460,Attrition,0.0
1461,Attrition,0.0
1462,Attrition,1.0
1463,Attrition,0.0
1464,Attrition,0.0
1465,Attrition,0.0
1466,Attrition,0.0
1467,Attrition,0.0
1468,Attrition,0.0
1469,Attrition,0.0
1470,Attrition,0.0
1471,Attrition,1.0
1472,Attrition,1.0
1473,Attrition,0.0
1474,Attrition,0.0
1475,Attrition,0.0
1476,Attrition,0.0
1477,Attrition,0.0
1478,Attrition,0.0
1479,Attrition,0.0
1480,Attrition,0.0
1481,Attrition,1.0
1482,Attrition,1.0
1483,Attrition,0.0
1484,Attrition,0.0
1485,Attrition,1.0
1486,Attrition,1.0
1487,Attrition,0.0
1488,Attrition,1.0
1489,Attrition,0.0
1490,Attrition,0.0
1491,Attrition,1.0
1492,Attrition,0.0
1493,Attrition,1.0
1494,Attrition,0.0
1495,Attrition,0.0
1496,Attrition,0.0
1497,Attrition,1.0
1498,Attrition,0.0
1499,Attrition,0.0
1500,Attrition,1.0
1501,Attrition,1.0
1502,Attrition,0.0
1503,Attrition,0.0
1504,Attrition,0.0
1505,Attrition,0.0
1506,Attrition,1.0
1507,Attrition,0.0
1508,Attrition,0.0
1509,Attrition,0.0
1510,Attrition,0.0
1511,Attrition,1.0
1512,Attrition,0.0
1513,Attrition,0.0
1514,Attrition,0.0
1515,Attrition,0.0
1516,Attrition,0.0
1517,Attrition,1.0
1518,Attrition,0.0
1519,Attrition,1.0
1520,Attrition,0.0
1521,Attrition,0.0
1522,Attrition,1.0
1523,Attrition,0.0
1524,Attrition,0.0
1525,Attrition,0.0
1526,Attrition,0.0
1527,Attrition,0.0
1528,Attrition,0.0
1529,Attrition,0.0
1530,Attrition,1.0
1531,Attrition,0.0
1532,Attrition,0.0
1533,Attrition,0.0
1534,Attrition,1.0
1535,Attrition,0.0
1536,Attrition,0.0
1537,Attrition,0.0
1538,Attrition,1.0
1539,Attrition,0.0
1540,Attrition,0.0
1541,Attrition,0.0
1542,Attrition,0.0
1543,Attrition,0.0
1544,Attrition,1.0
1545,Attrition,1.0
1546,Attrition,1.0
1547,Attrition,0.0
1548,Attrition,0.0
1549,Attrition,0.0
1550,Attrition,0.0
1551,Attrition,0.0
1552,Attrition,0.0
1553,Attrition,0.0
1554,Attrition,0.0
1555,Attrition,0.0
1556,Attrition,0.0
1557,Attrition,1.0
1558,Attrition,1.0
1559,Attrition,0.0
1560,Attrition,0.0
1561,Attrition,0.0
1562,Attrition,0.0
1563,Attrition,0.0
1564,Attrition,0.0
1565,Attrition,0.0
1566,Attrition,0.0
1567,Attrition,0.0
1568,Attrition,0.0
1569,Attrition,1.0
1570,Attrition,1.0
1571,Attrition,1.0
1572,Attrition,1.0
1573,Attrition,0.0
1574,Attrition,1.0
1575,Attrition,1.0
1576,Attrition,1.0
1577,Attrition,1.0
1578,Attrition,0.0
1579,Attrition,0.0
1580,Attrition,1.0
1581,Attrition,0.0
1582,Attrition,0.0
1583,Attrition,0.0
1584,Attrition,0.0
1585,Attrition,0.0
1586,Attrition,0.0
1587,Attrition,0.0
1588,Attrition,0.0
1589,Attrition,0.0
1590,Attrition,0.0
1591,Attrition,0.0
1592,Attrition,0.0
1593,Attrition,0.0
1594,Attrition,1.0
1595,Attrition,1.0
1596,Attrition,0.0
1597,Attrition,0.0
1598,Attrition,0.0
1599,Attrition,0.0
1600,Attrition,0.0
1601,Attrition,0.0
1602,Attrition,0.0
1603,Attrition,0.0
1604,Attrition,0.0
1605,Attrition,0.0
1606,Attrition,0.0
1607,Attrition,1.0
1608,Attrition,0.0
1609,Attrition,1.0
1610,Attrition,1.0
1611,Attrition,1.0
1612,Attrition,0.0
1613,Attrition,1.0
1614,Attrition,0.0
1615,Attrition,0.0
1616,Attrition,0.0
1617,Attrition,1.0
1618,Attrition,1.0
1619,Attrition,0.0
1620,Attrition,0.0
1621,Attrition,0.0
1622,Attrition,1.0
1623,Attrition,0.0
1624,Attrition,0.0
1625,Attrition,1.0
1626,Attrition,0.0
1627,Attrition,1.0
1628,Attrition,0.0
1629,Attrition,0.0
1630,Attrition,1.0
1631,Attrition,0.0
1632,Attrition,0.0
1633,Attrition,0.0
1634,Attrition,1.0
1635,Attrition,0.0
1636,Attrition,0.0
1637,Attrition,0.0
1638,Attrition,1.0
1639,Attrition,0.0
1640,Attrition,0.0
1641,Attrition,1.0
1642,Attrition,1.0
1643,Attrition,1.0
1644,Attrition,0.0
1645,Attrition,0.0
1646,Attrition,1.0
1647,Attrition,0.0
1648,Attrition,0.0
1649,Attrition,1.0
1650,Attrition,0.0
1651,Attrition,1.0
1652,Attrition,0.0
1653,Attrition,0.0
1654,Attrition,0.0
1655,Attrition,1.0
1656,Attrition,0.0
1657,Attrition,0.0
1658,Attrition,0.0
1659,Attrition,0.0
1660,Attrition,0.0
1661,Attrition,0.0
1662,Attrition,0.0
1663,Attrition,0.0
1664,Attrition,0.0
1665,Attrition,0.0
1666,Attrition,0.0
1667,Attrition,1.0
1668,Attrition,0.0
1669,Attrition,1.0
1670,Attrition,0.0
1671,Attrition,0.0
1672,Attrition,0.0
1673,Attrition,0.0
1674,Attrition,1.0
1675,Attrition,0.0
1676,Attrition,0.0
1677,Attrition,1.0
1678,Attrition,1.0
1679,Attrition,1.0
1680,Attrition,0.0
1681,Attrition,0.0
1682,Attrition,0.0
1683,Attrition,0.0
1684,Attrition,1.0
1685,Attrition,0.0
1686,Attrition,0.0
1687,Attrition,0.0
1688,Attrition,1.0
1689,Attrition,0.0
1690,Attrition,0.0
1691,Attrition,0.0
1692,Attrition,0.0
1693,Attrition,1.0
1694,Attrition,1.0
1695,Attrition,1.0
1696,Attrition,0.0
1697,Attrition,0.0
1698,Attrition,0.0
1699,Attrition,0.0
1700,Attrition,1.0
1701,Attrition,0.0
1702,Attrition,0.0
1703,Attrition,0.0
1704,Attrition,0.0
1705,Attrition,0.0
1706,Attrition,0.0
1707,Attrition,0.0
1708,Attrition,1.0
1709,Attrition,0.0
1710,Attrition,0.0
1711,Attrition,1.0
1712,Attrition,1.0
1713,Attrition,0.0
1714,Attrition,0.0
1715,Attrition,1.0
1716,Attrition,0.0
1717,Attrition,0.0
1718,Attrition,0.0
1719,Attrition,1.0
1720,Attrition,1.0
1721,Attrition,1.0
1722,Attrition,0.0
1723,Attrition,0.0
1724,Attrition,0.0
1725,Attrition,0.0
1726,Attrition,0.0
1727,Attrition,0.0
1728,Attrition,1.0
1729,Attrition,1.0
1730,Attrition,0.0
1731,Attrition,0.0
1732,Attrition,0.0
1733,Attrition,0.0
1734,Attrition,0.0
1735,Attrition,0.0
1736,Attrition,0.0
1737,Attrition,0.0
1738,Attrition,0.0
1739,Attrition,0.0
1740,Attrition,0.0
1741,Attrition,1.0
1742,Attrition,0.0
1743,Attrition,1.0
1744,Attrition,0.0
1745,Attrition,0.0
1746,Attrition,1.0
1747,Attrition,0.0
1748,Attrition,1.0
1749,Attrition,0.0
1750,Attrition,0.0
1751,Attrition,1.0
1752,Attrition,0.0
1753,Attrition,0.0
1754,Attrition,1.0
1755,Attrition,1.0
1756,Attrition,0.0
1757,Attrition,0.0
1758,Attrition,0.0
1759,Attrition,0.0
1760,Attrition,0.0
1761,Attrition,0.0
1762,Attrition,0.0
1763,Attrition,0.0
1764,Attrition,0.0
1765,Attrition,0.0
1766,Attrition,0.0
1767,Attrition,0.0
1768,Attrition,0.0
1769,Attrition,0.0
1770,Attrition,0.0
1771,Attrition,1.0
1772,Attrition,1.0
1773,Attrition,1.0
1774,Attrition,1.0
1775,Attrition,0.0
1776,Attrition,0.0
1777,Attrition,0.0
1778,Attrition,1.0
1779,Attrition,0.0
1780,Attrition,0.0
1781,Attrition,1.0
1782,Attrition,0.0
1783,Attrition,0.0
1784,Attrition,0.0
1785,Attrition,1.0
1786,Attrition,0.0
1787,Attrition,0.0
1788,Attrition,0.0
1789,Attrition,0.0
1790,Attrition,0.0
1791,Attrition,0.0
1792,Attrition,0.0
1793,Attrition,0.0
1794,Attrition,0.0
1795,Attrition,0.0
1796,Attrition,1.0
1797,Attrition,1.0
1798,Attrition,1.0
1799,Attrition,0.0
1800,Attrition,0.0
1801,Attrition,0.0
1802,Attrition,0.0
1803,Attrition,0.0
1804,Attrition,1.0
1805,Attrition,0.0
1806,Attrition,1.0
1807,Attrition,0.0
1808,Attrition,0.0
1809,Attrition,0.0
1810,Attrition,0.0
1811,Attrition,0.0
1812,Attrition,1.0
1813,Attrition,0.0
1814,Attrition,0.0
1815,Attrition,0.0
1816,Attrition,0.0
1817,Attrition,0.0
1818,Attrition,0.0
1819,Attrition,1.0
1820,Attrition,1.0
1821,Attrition,0.0
1822,Attrition,1.0
1823,Attrition,1.0
1824,Attrition,1.0
1825,Attrition,1.0
1826,Attrition,0.0
1827,Attrition,1.0
1828,Attrition,0.0
1829,Attrition,0.0
1830,Attrition,0.0
1831,Attrition,1.0
1832,Attrition,1.0
1833,Attrition,0.0
1834,Attrition,1.0
1835,Attrition,0.0
1836,Attrition,0.0
1837,Attrition,0.0
1838,Attrition,0.0
1839,Attrition,1.0
1840,Attrition,0.0
1841,Attrition,0.0
1842,Attrition,1.0
1843,Attrition,1.0
1844,Attrition,1.0
1845,Attrition,1.0
1846,Attrition,0.0
1847,Attrition,0.0
1848,Attrition,0.0
1849,Attrition,0.0
1850,Attrition,0.0
1851,Attrition,0.0
1852,Attrition,0.0
1853,Attrition,1.0
1854,Attrition,0.0
1855,Attrition,0.0
1856,Attrition,0.0
1857,Attrition,1.0
1858,Attrition,1.0
1859,Attrition,0.0
1860,Attrition,0.0
1861,Attrition,0.0
1862,Attrition,0.0
1863,Attrition,1.0
1864,Attrition,0.0
1865,Attrition,0.0
1866,Attrition,0.0
1867,Attrition,0.0
1868,Attrition,0.0
1869,Attrition,0.0
1870,Attrition,1.0
1871,Attrition,0.0
1872,Attrition,1.0
1873,Attrition,1.0
1874,Attrition,0.0
1875,Attrition,0.0
1876,Attrition,0.0
1877,Attrition,0.0
1878,Attrition,0.0
1879,Attrition,1.0
1880,Attrition,0.0
1881,Attrition,0.0
1882,Attrition,0.0
1883,Attrition,0.0
1884,Attrition,0.0
1885,Attrition,1.0
1886,Attrition,0.0
1887,Attrition,1.0
1888,Attrition,1.0
1889,Attrition,0.0
1890,Attrition,1.0
1891,Attrition,0.0
1892,Attrition,0.0
1893,Attrition,0.0
1894,Attrition,1.0
1895,Attrition,0.0
1896,Attrition,0.0
1897,Attrition,0.0
1898,Attrition,0.0
1899,Attrition,0.0
1900,Attrition,0.0
1901,Attrition,0.0
1902,Attrition,1.0
1903,Attrition,1.0
1904,Attrition,0.0
1905,Attrition,1.0
1906,Attrition,1.0
1907,Attrition,1.0
1908,Attrition,1.0
1909,Attrition,0.0
1910,Attrition,0.0
1911,Attrition,0.0
1912,Attrition,0.0
1913,Attrition,1.0
1914,Attrition,1.0
1915,Attrition,0.0
1916,Attrition,0.0
1917,Attrition,1.0
1918,Attrition,0.0
1919,Attrition,0.0
1920,Attrition,0.0
1921,Attrition,0.0
1922,Attrition,0.0
1923,Attrition,0.0
1924,Attrition,0.0
1925,Attrition,1.0
1926,Attrition,1.0
1927,Attrition,1.0
1928,Attrition,0.0
1929,Attrition,0.0
1930,Attrition,0.0
1931,Attrition,1.0
1932,Attrition,0.0
1933,Attrition,0.0
1934,Attrition,0.0
1935,Attrition,0.0
1936,Attrition,0.0
1937,Attrition,0.0
1938,Attrition,1.0
1939,Attrition,0.0
1940,Attrition,0.0
1941,Attrition,0.0
1942,Attrition,0.0
1943,Attrition,1.0
1944,Attrition,1.0
1945,Attrition,0.0
1946,Attrition,0.0
1947,Attrition,1.0
1948,Attrition,0.0
1949,Attrition,0.0
1950,Attrition,0.0
1951,Attrition,0.0
1952,Attrition,0.0
1953,Attrition,0.0
1954,Attrition,0.0
1955,Attrition,0.0
1956,Attrition,0.0
1957,Attrition,0.0
1958,Attrition,1.0
1959,Attrition,0.0
1960,Attrition,0.0
1961,Attrition,1.0
1962,Attrition,0.0
1963,Attrition,1.0
1964,Attrition,0.0
1965,Attrition,0.0
1966,Attrition,0.0
1967,Attrition,0.0
1968,Attrition,0.0
1969,Attrition,0.0
1970,Attrition,0.0
1971,Attrition,0.0
1972,Attrition,0.0
1973,Attrition,0.0
1974,Attrition,0.0
1975,Attrition,0.0
1976,Attrition,0.0
1977,Attrition,0.0
1978,Attrition,1.0
1979,Attrition,0.0
1980,Attrition,1.0
1981,Attrition,0.0
1982,Attrition,0.0
1983,Attrition,0.0
1984,Attrition,0.0
1985,Attrition,0.0
1986,Attrition,0.0
1987,Attrition,0.0
1988,Attrition,1.0
1989,Attrition,0.0
1990,Attrition,0.0
1991,Attrition,1.0
1992,Attrition,0.0
1993,Attrition,0.0
1994,Attrition,1.0
1995,Attrition,1.0
1996,Attrition,0.0
1997,Attrition,0.0
1998,Attrition,0.0
1999,Attrition,0.0
2000,Attrition,0.0
2001,Attrition,0.0
2002,Attrition,1.0
2003,Attrition,0.0
2004,Attrition,0.0
2005,Attrition,0.0
2006,Attrition,1.0
2007,Attrition,0.0
2008,Attrition,0.0
2009,Attrition,0.0
2010,Attrition,0.0
2011,Attrition,1.0
2012,Attrition,0.0
2013,Attrition,0.0
2014,Attrition,0.0
2015,Attrition,0.0
2016,Attrition,0.0
2017,Attrition,1.0
2018,Attrition,0.0
2019,Attrition,1.0
2020,Attrition,0.0
2021,Attrition,0.0
2022,Attrition,1.0
2023,Attrition,0.0
2024,Attrition,1.0
2025,Attrition,1.0
2026,Attrition,0.0
2027,Attrition,0.0
2028,Attrition,1.0
2029,Attrition,0.0
2030,Attrition,0.0
2031,Attrition,0.0
2032,Attrition,0.0
2033,Attrition,1.0
2034,Attrition,0.0
2035,Attrition,0.0
2036,Attrition,0.0
2037,Attrition,0.0
2038,Attrition,0.0
2039,Attrition,0.0
2040,Attrition,0.0
2041,Attrition,0.0
2042,Attrition,0.0
2043,Attrition,0.0
2044,Attrition,0.0
2045,Attrition,0.0
2046,Attrition,1.0
2047,Attrition,0.0
2048,Attrition,0.0
2049,Attrition,0.0
2050,Attrition,0.0
2051,Attrition,0.0
2052,Attrition,0.0
2053,Attrition,0.0
2054,Attrition,1.0
2055,Attrition,1.0
2056,Attrition,0.0
2057,Attrition,0.0
2058,Attrition,0.0
2059,Attrition,0.0
2060,Attrition,1.0
2061,Attrition,0.0
2062,Attrition,0.0
2063,Attrition,0.0
2064,Attrition,0.0
2065,Attrition,0.0
2066,Attrition,0.0
2067,Attrition,0.0
2068,Attrition,0.0
2069,Attrition,0.0
2070,Attrition,0.0
2071,Attrition,1.0
2072,Attrition,0.0
2073,Attrition,1.0
2074,Attrition,0.0
2075,Attrition,0.0
2076,Attrition,0.0
2077,Attrition,0.0
2078,Attrition,0.0
2079,Attrition,0.0
2080,Attrition,0.0
2081,Attrition,1.0
2082,Attrition,0.0
2083,Attrition,0.0
2084,Attrition,1.0
2085,Attrition,0.0
2086,Attrition,0.0
2087,Attrition,1.0
2088,Attrition,1.0
2089,Attrition,1.0
2090,Attrition,0.0
2091,Attrition,0.0
2092,Attrition,0.0
2093,Attrition,0.0
2094,Attrition,0.0
2095,Attrition,0.0
2096,Attrition,0.0
2097,Attrition,1.0
2098,Attrition,0.0
2099,Attrition,0.0
2100,Attrition,0.0
2101,Attrition,0.0
2102,Attrition,0.0
2103,Attrition,0.0
2104,Attrition,0.0
2105,Attrition,1.0
2106,Attrition,0.0
2107,Attrition,0.0
2108,Attrition,0.0
2109,Attrition,1.0
2110,Attrition,0.0
2111,Attrition,0.0
2112,Attrition,0.0
2113,Attrition,0.0
2114,Attrition,0.0
2115,Attrition,0.0
2116,Attrition,1.0
2117,Attrition,1.0
2118,Attrition,0.0
2119,Attrition,1.0
2120,Attrition,0.0
2121,Attrition,0.0
2122,Attrition,0.0
2123,Attrition,0.0
2124,Attrition,0.0
2125,Attrition,0.0
2126,Attrition,0.0
2127,Attrition,0.0
2128,Attrition,0.0
2129,Attrition,0.0
2130,Attrition,0.0
2131,Attrition,1.0
2132,Attrition,1.0
2133,Attrition,1.0
2134,Attrition,0.0
2135,Attrition,0.0
2136,Attrition,0.0
2137,Attrition,0.0
2138,Attrition,0.0
2139,Attrition,0.0
2140,Attrition,1.0
2141,Attrition,1.0
2142,Attrition,0.0
2143,Attrition,1.0
2144,Attrition,0.0
2145,Attrition,0.0
2146,Attrition,1.0
2147,Attrition,0.0
2148,Attrition,0.0
2149,Attrition,1.0
2150,Attrition,0.0
2151,Attrition,1.0
2152,Attrition,0.0
2153,Attrition,0.0
2154,Attrition,0.0
2155,Attrition,0.0
2156,Attrition,0.0
2157,Attrition,0.0
2158,Attrition,0.0
2159,Attrition,1.0
2160,Attrition,0.0
2161,Attrition,1.0
2162,Attrition,0.0
2163,Attrition,0.0
2164,Attrition,0.0
2165,Attrition,0.0
2166,Attrition,0.0
2167,Attrition,0.0
2168,Attrition,0.0
2169,Attrition,0.0
2170,Attrition,0.0
2171,Attrition,0.0
2172,Attrition,0.0
2173,Attrition,0.0
2174,Attrition,0.0
2175,Attrition,0.0
2176,Attrition,0.0
2177,Attrition,0.0
2178,Attrition,0.0
2179,Attrition,0.0
2180,Attrition,0.0
2181,Attrition,0.0
2182,Attrition,1.0
2183,Attrition,0.0
2184,Attrition,1.0
2185,Attrition,0.0
2186,Attrition,1.0
2187,Attrition,1.0
2188,Attrition,1.0
2189,Attrition,1.0
2190,Attrition,0.0
2191,Attrition,0.0
2192,Attrition,1.0
2193,Attrition,0.0
2194,Attrition,0.0
2195,Attrition,0.0
2196,Attrition,0.0
2197,Attrition,0.0
2198,Attrition,0.0
2199,Attrition,0.0
2200,Attrition,0.0
2201,Attrition,0.0
2202,Attrition,0.0
2203,Attrition,1.0
2204,Attrition,0.0
2205,Attrition,0.0
2206,Attrition,1.0
2207,Attrition,0.0
2208,Attrition,0.0
2209,Attrition,0.0
2210,Attrition,0.0
2211,Attrition,0.0
2212,Attrition,0.0
2213,Attrition,0.0
2214,Attrition,0.0
2215,Attrition,1.0
2216,Attrition,1.0
2217,Attrition,0.0
2218,Attrition,0.0
2219,Attrition,1.0
2220,Attrition,0.0
2221,Attrition,0.0
2222,Attrition,0.0
2223,Attrition,0.0
2224,Attrition,1.0
2225,Attrition,0.0
2226,Attrition,1.0
2227,Attrition,0.0
2228,Attrition,0.0
2229,Attrition,0.0
2230,Attrition,1.0
2231,Attrition,0.0
2232,Attrition,0.0
2233,Attrition,1.0
2234,Attrition,0.0
2235,Attrition,0.0
2236,Attrition,0.0
2237,Attrition,1.0
2238,Attrition,0.0
2239,Attrition,0.0
2240,Attrition,0.0
2241,Attrition,0.0
2242,Attrition,0.0
2243,Attrition,0.0
2244,Attrition,1.0
2245,Attrition,0.0
2246,Attrition,0.0
2247,Attrition,0.0
2248,Attrition,0.0
2249,Attrition,0.0
2250,Attrition,0.0
2251,Attrition,1.0
2252,Attrition,0.0
2253,Attrition,0.0
2254,Attrition,0.0
2255,Attrition,1.0
2256,Attrition,1.0
2257,Attrition,0.0
2258,Attrition,1.0
2259,Attrition,0.0
2260,Attrition,0.0
2261,Attrition,0.0
2262,Attrition,0.0
2263,Attrition,1.0
2264,Attrition,0.0
2265,Attrition,0.0
2266,Attrition,0.0
2267,Attrition,1.0
2268,Attrition,0.0
2269,Attrition,0.0
2270,Attrition,0.0
2271,Attrition,0.0
2272,Attrition,0.0
2273,Attrition,0.0
2274,Attrition,1.0
2275,Attrition,1.0
2276,Attrition,0.0
2277,Attrition,0.0
2278,Attrition,1.0
2279,Attrition,0.0
2280,Attrition,0.0
2281,Attrition,1.0
2282,Attrition,0.0
2283,Attrition,0.0
2284,Attrition,1.0
2285,Attrition,0.0
2286,Attrition,0.0
2287,Attrition,0.0
2288,Attrition,1.0
2289,Attrition,1.0
2290,Attrition,0.0
2291,Attrition,1.0
2292,Attrition,0.0
2293,Attrition,0.0
2294,Attrition,1.0
2295,Attrition,0.0
2296,Attrition,1.0
2297,Attrition,0.0
2298,Attrition,0.0
2299,Attrition,0.0
2300,Attrition,0.0
2301,Attrition,0.0
2302,Attrition,1.0
2303,Attrition,0.0
2304,Attrition,1.0
2305,Attrition,0.0
2306,Attrition,1.0
2307,Attrition,1.0
2308,Attrition,0.0
2309,Attrition,0.0
2310,Attrition,1.0
2311,Attrition,0.0
2312,Attrition,0.0
2313,Attrition,0.0
2314,Attrition,0.0
2315,Attrition,0.0
2316,Attrition,0.0
2317,Attrition,0.0
2318,Attrition,0.0
2319,Attrition,0.0
2320,Attrition,0.0
2321,Attrition,0.0
2322,Attrition,1.0
2323,Attrition,1.0
2324,Attrition,0.0
2325,Attrition,0.0
2326,Attrition,0.0
2327,Attrition,0.0
2328,Attrition,1.0
2329,Attrition,1.0
2330,Attrition,0.0
2331,Attrition,1.0
2332,Attrition,0.0
2333,Attrition,0.0
2334,Attrition,0.0
2335,Attrition,1.0
2336,Attrition,0.0
2337,Attrition,0.0
2338,Attrition,1.0
2339,Attrition,0.0
2340,Attrition,0.0
2341,Attrition,0.0
2342,Attrition,1.0
2343,Attrition,1.0
2344,Attrition,0.0
2345,Attrition,0.0
2346,Attrition,0.0
2347,Attrition,0.0
2348,Attrition,0.0
2349,Attrition,1.0
2350,Attrition,0.0
2351,Attrition,0.0
2352,Attrition,1.0
2353,Attrition,1.0
2354,Attrition,0.0
2355,Attrition,0.0
2356,Attrition,0.0
2357,Attrition,0.0
2358,Attrition,0.0
2359,Attrition,0.0
2360,Attrition,1.0
2361,Attrition,1.0
2362,Attrition,1.0
2363,Attrition,0.0
2364,Attrition,1.0
2365,Attrition,0.0
2366,Attrition,0.0
2367,Attrition,1.0
2368,Attrition,0.0
2369,Attrition,1.0
2370,Attrition,0.0
2371,Attrition,0.0
2372,Attrition,0.0
2373,Attrition,0.0
2374,Attrition,0.0
2375,Attrition,0.0
2376,Attrition,1.0
2377,Attrition,0.0
2378,Attrition,1.0
2379,Attrition,0.0
2380,Attrition,0.0
2381,Attrition,0.0
2382,Attrition,0.0
2383,Attrition,1.0
2384,Attrition,0.0
2385,Attrition,0.0
2386,Attrition,0.0
2387,Attrition,1.0
2388,Attrition,0.0
2389,Attrition,1.0
2390,Attrition,1.0
2391,Attrition,0.0
2392,Attrition,0.0
2393,Attrition,0.0
2394,Attrition,0.0
2395,Attrition,1.0
2396,Attrition,1.0
2397,Attrition,0.0
2398,Attrition,1.0
2399,Attrition,1.0
2400,Attrition,0.0
2401,Attrition,0.0
2402,Attrition,1.0
2403,Attrition,0.0
2404,Attrition,0.0
2405,Attrition,1.0
2406,Attrition,0.0
2407,Attrition,0.0
2408,Attrition,0.0
2409,Attrition,0.0
2410,Attrition,0.0
2411,Attrition,0.0
2412,Attrition,1.0
2413,Attrition,0.0
2414,Attrition,0.0
2415,Attrition,0.0
2416,Attrition,0.0
2417,Attrition,0.0
2418,Attrition,0.0
2419,Attrition,1.0
2420,Attrition,0.0
2421,Attrition,0.0
2422,Attrition,0.0
2423,Attrition,0.0
2424,Attrition,1.0
2425,Attrition,0.0
2426,Attrition,0.0
2427,Attrition,0.0
2428,Attrition,1.0
2429,Attrition,0.0
2430,Attrition,0.0
2431,Attrition,0.0
2432,Attrition,0.0
2433,Attrition,1.0
2434,Attrition,0.0
2435,Attrition,0.0
2436,Attrition,0.0
2437,Attrition,0.0
2438,Attrition,1.0
2439,Attrition,0.0
2440,Attrition,1.0
2441,Attrition,1.0
2442,Attrition,1.0
2443,Attrition,0.0
2444,Attrition,0.0
2445,Attrition,0.0
2446,Attrition,1.0
2447,Attrition,1.0
2448,Attrition,0.0
2449,Attrition,0.0
2450,Attrition,0.0
2451,Attrition,1.0
2452,Attrition,0.0
2453,Attrition,0.0
2454,Attrition,0.0
2455,Attrition,1.0
2456,Attrition,0.0
2457,Attrition,1.0
2458,Attrition,1.0
2459,Attrition,0.0
2460,Attrition,0.0
2461,Attrition,0.0
2462,Attrition,0.0
2463,Attrition,0.0
2464,Attrition,0.0
2465,Attrition,0.0
2466,Attrition,0.0
2467,Attrition,0.0
2468,Attrition,0.0
2469,Attrition,0.0
2470,Attrition,0.0
2471,Attrition,0.0
2472,Attrition,0.0
2473,Attrition,0.0
2474,Attrition,0.0
2475,Attrition,0.0
2476,Attrition,1.0
2477,Attrition,1.0
2478,Attrition,1.0
2479,Attrition,0.0
2480,Attrition,1.0
2481,Attrition,1.0
2482,Attrition,0.0
2483,Attrition,0.0
2484,Attrition,0.0
2485,Attrition,1.0
2486,Attrition,1.0
2487,Attrition,1.0
2488,Attrition,1.0
2489,Attrition,0.0
2490,Attrition,0.0
2491,Attrition,0.0
2492,Attrition,0.0
2493,Attrition,1.0
2494,Attrition,0.0
2495,Attrition,1.0
2496,Attrition,0.0
2497,Attrition,1.0
2498,Attrition,0.0
2499,Attrition,0.0
2500,Attrition,0.0
2501,Attrition,0.0
2502,Attrition,0.0
2503,Attrition,0.0
2504,Attrition,1.0
2505,Attrition,0.0
2506,Attrition,0.0
2507,Attrition,0.0
2508,Attrition,0.0
2509,Attrition,0.0
2510,Attrition,0.0
2511,Attrition,0.0
2512,Attrition,0.0
2513,Attrition,0.0
2514,Attrition,0.0
2515,Attrition,0.0
2516,Attrition,0.0
2517,Attrition,0.0
2518,Attrition,0.0
2519,Attrition,0.0
2520,Attrition,0.0
2521,Attrition,0.0
2522,Attrition,1.0
2523,Attrition,0.0
2524,Attrition,0.0
2525,Attrition,0.0
2526,Attrition,1.0
2527,Attrition,1.0
2528,Attrition,0.0
2529,Attrition,0.0
2530,Attrition,0.0
2531,Attrition,0.0
2532,Attrition,0.0
2533,Attrition,1.0
2534,Attrition,0.0
2535,Attrition,0.0
2536,Attrition,0.0
2537,Attrition,0.0
2538,Attrition,0.0
2539,Attrition,1.0
2540,Attrition,1.0
2541,Attrition,0.0
2542,Attrition,0.0
2543,Attrition,1.0
2544,Attrition,1.0
2545,Attrition,0.0
2546,Attrition,0.0
2547,Attrition,1.0
2548,Attrition,0.0
2549,Attrition,0.0
2550,Attrition,0.0
2551,Attrition,0.0
2552,Attrition,0.0
2553,Attrition,0.0
2554,Attrition,0.0
2555,Attrition,0.0
2556,Attrition,1.0
2557,Attrition,0.0
2558,Attrition,0.0
2559,Attrition,1.0
2560,Attrition,1.0
2561,Attrition,0.0
2562,Attrition,0.0
2563,Attrition,0.0
2564,Attrition,0.0
2565,Attrition,0.0
2566,Attrition,0.0
2567,Attrition,0.0
2568,Attrition,1.0
2569,Attrition,1.0
2570,Attrition,0.0
2571,Attrition,1.0
2572,Attrition,0.0
2573,Attrition,1.0
2574,Attrition,0.0
2575,Attrition,1.0
2576,Attrition,1.0
2577,Attrition,0.0
2578,Attrition,0.0
2579,Attrition,1.0
2580,Attrition,0.0
2581,Attrition,0.0
2582,Attrition,0.0
2583,Attrition,0.0
2584,Attrition,1.0
2585,Attrition,0.0
2586,Attrition,0.0
2587,Attrition,0.0
2588,Attrition,0.0
2589,Attrition,0.0
2590,Attrition,0.0
2591,Attrition,0.0
2592,Attrition,0.0
2593,Attrition,0.0
2594,Attrition,1.0
2595,Attrition,0.0
2596,Attrition,0.0
2597,Attrition,0.0
2598,Attrition,0.0
2599,Attrition,0.0
2600,Attrition,0.0
2601,Attrition,0.0
2602,Attrition,0.0
2603,Attrition,1.0
2604,Attrition,0.0
2605,Attrition,1.0
2606,Attrition,1.0
2607,Attrition,0.0
2608,Attrition,0.0
2609,Attrition,1.0
2610,Attrition,0.0
2611,Attrition,1.0
2612,Attrition,0.0
2613,Attrition,1.0
2614,Attrition,0.0
2615,Attrition,0.0
2616,Attrition,0.0
2617,Attrition,0.0
2618,Attrition,0.0
2619,Attrition,1.0
2620,Attrition,1.0
2621,Attrition,0.0
2622,Attrition,1.0
2623,Attrition,1.0
2624,Attrition,0.0
2625,Attrition,0.0
2626,Attrition,0.0
2627,Attrition,0.0
2628,Attrition,1.0
2629,Attrition,0.0
